SAMPLE,TN,TP,DOC,Chla,WT,Cond,pH,DO,Longitude,Latitude,AT,Pre,Elevation,Distance,Cropland,Impervious
BT,1.8606,0.539927206,4.728,0.4224,13.8,489.2,7.51,8.11,99.01,29.75,11,28.3,2741,0,49500,0
BT_24,2.4647,0.141512745,4.03,2.1468,9.7,511,4.87,8.4,99.01,29.75,10.6,69.3,2741,0,49500,0
BZL,1.80715,0.465959964,4.716,0.4244,16.3,540,7.61,7.65,99.3,28.24,13.5,48.1,2023,193898.2046,843300,0
BZL_23,2.3857,0.044010471,3.35,1.0816,12.1,464.1,5.8,7.82,99.3,28.24,12.7,140.6,2023,193898.2046,838800,0
TC,1.8759,0.780320742,5.86765,0.616,16.7,458.8,7.62,7.58,99.53,27.57,16.7,62.4,1973,282819.9688,698400,1800
TC_22,1.427,0.030561882,3.636,1.1348,11.6,419.5,5.37,7.93,99.53,27.57,14.4,150.3,1973,282819.9688,703800,1800
SG,0.832,0.282722933,4.56785,0.8076,18.2,405,8.1,7.21,99.96,26.87,16.7,88.9,1832,376355.5086,2021400,11700
SG_20,2.8161,0.18522066,3.352,1.0424,12.6,409.9,6.8,8.03,99.96,26.87,16.3,124.3,1832,376355.5086,2018700,11700
HTX,0.93965,0.165047776,5.0655,0.3832,17.7,570,8.02,7.41,100.09,27.18,16.2,77,1908,421959.4298,841500,0
HTX_21,2.3839,0.202031397,3.216,0.8488,12.9,426.8,7.06,7.67,100.09,27.18,15,107.6,1908,421959.4298,861300,0
AH,0.92855,0.222204281,5.2475,0.7272,18.8,339.6,8.42,8.37,100.44,27.6,17.6,65.9,1573,539247.9313,489600,0
AH_18,2.3483,0.223885355,3.429,3.3148,14.2,402.7,6.67,8.55,100.44,27.6,18.6,103.4,1573,539247.9313,507600,0
JAQ,2.12963,0.284404007,5.62,0.2348,18.6,323.8,8.1,7.87,100.43,26.8,18.6,83.6,1360,657019.8957,882000,4500
JAQ_19,2.3733,0.163366702,3.31,1.0404,12.2,404.9,7.22,7.76,100.43,26.8,19.6,108.5,1360,657019.8957,921600,4500
LKK,0.87865,0.082675166,5.352,0.3832,19.3,274.2,7.94,8.33,100.41,26.49,18.7,87.4,1336,696476.4907,2086200,5400
LKK_17,2.388,0.156642408,3.481,1.4236,12.1,403.8,6.83,8.75,100.41,26.49,20.5,99,1336,696476.4907,2082600,5400
GLP,0.7999,0.08435624,6.943,0.3472,22.6,684,8.02,9.44,101.53,26.6,24.1,92.5,1033,903602.5635,1887300,117000
GLP_9,3.5382,0.358371249,3.908,2.6234,17.4,421.7,7.65,8.69,101.53,26.6,24.9,38.8,1033,903602.5635,1899900,124200
WDD_5_22_Jan,0.507504,0.0153056,2.565,2.3,14.518,361.6,7.95,9.11,101.855,26.54138889,15.6,10.6,1059,956763.1803,2143800,493200
WDD_5_22_Mar,0.59825,0.01402808,2.2765,1.59,13.238,435.5,7.93,9.76,101.855,26.54138889,24.2,35.3,1059,956763.1803,2143800,493200
WDD_5_22_Jul,0.555546,0.12552396,2.3535,0.39,18.37,339.4,8.04,11.05,101.855,26.54138889,27.5,144.3,1059,956763.1803,2143800,493200
WDD_5_22_Dec,0.588955,0.0060144,2.899,0.89,17.19,459.9,9.12,8.17,101.855,26.54138889,14.5,7,1059,956763.1803,2143800,493200
WDD_5_23_Apr,0.526849,0.0306096,2.093333333,1.09,13.55,200.6,8.11,9.43,101.855,26.54138889,28,54.7,1059,956763.1803,2035800,505800
WDD_5_23_Jul,0.7183425,0.0142128,5.988,0.1966,21.1,608.5,8,9.11,101.855,26.54138889,26.7,184.8,1059,956763.1803,2035800,505800
WDD_4_22_Jan,0.62494,0.0109328,2.161,0.32,15.509,438.5,8.01,9.12,101.889303,25.965498,16.2,8.2,2437,1036969.834,586800,31500
WDD_4_22_Mar,0.614264,0.02137212,1.944,1.68,15.671,21.7,8.08,9.25,101.889303,25.965498,24.6,23,2437,1036969.834,586800,31500
WDD_4_22_Jul,0.854474,0.11417408,2.3805,0.75,18.858,390.4,8.06,11.41,101.889303,25.965498,27.8,121.7,2437,1036969.834,586800,31500
WDD_4_22_Dec,0.620008,0.011479999,2.691,2.7648,17.585,598.1,9.1,8.18,101.889303,25.965498,15.3,7.9,2437,1036969.834,586800,31500
WDD_4_23_Apr,0.6148325,0.0121632,2.164,1.1,14.721,333.9,8.23,9.63,101.889303,25.965498,28.2,44.2,2437,1036969.834,492300,33300
WDD_4_23_Jul,0.661412,0.0224112,6.8405,0.1008,21.3,616.01,8.05,8.63,101.889303,25.965498,27.2,197,2437,1036969.834,492300,33300
LJD,1.21565,0.109572345,5.8555,0.1576,21.7,477.7,7.58,9.096,101.88,25.96,25.7,103.1,958,1038050.731,1630800,244800
LJD_10,5.4908,1.449388065,3.2408,1.0404,13.2,292.5,7.75,8.17,101.88,25.96,25.7,22.7,958,1038050.731,1702800,245700
LCJ_22_Jan,0.512842,0.010204,1.7935,0.79,15.191,466.2,8.03,9.17,101.8752778,25.95027778,16.2,8,932,1044292.201,598500,48600
LCJ_22_Mar,0.51818,0.02337504,2.9005,1.86,14.436,426.8,8.06,9.77,101.8752778,25.95027778,24.7,22.5,932,1044292.201,598500,48600
LCJ_22_Jul,4.813490667,0.13754148,4.3485,12.28,23.013,512.3,7.87,9.13,101.8752778,25.95027778,27.9,127.1,932,1044292.201,598500,48600
LCJ_22_Dec,0.77182267,0.0306096,3.885,5.2432,19.793,573.4,10.41,8.43,101.8752778,25.95027778,15.4,8.1,932,1044292.201,598500,48600
LCJ_23_Apr,0.64071,0.0265104,1.839333333,0.86,15.748,350.4,8.28,9.49,101.8752778,25.95027778,28.4,45.1,932,1044292.201,463500,48600
LCJ_23_Jul,1.1323825,0.02856,4.221,1.3028,23.44,707.13,8.26,8.79,101.8752778,25.95027778,27.2,202.2,932,1044292.201,463500,48600
MGH_22_Jan,0.987924,0.0524744,2.711,1.47,10.853,370.7,8.13,11.61,102.1877778,25.61888889,8.8,22.8,1970,1060633.346,2272500,5400
MGH_22_Mar,1.633822,0.31046024,6.6175,1.69,21.1,376.639,8.0073,9.0263,102.1877778,25.61888889,16.7,44.3,1970,1060633.346,2272500,5400
MGH_22_Jul,3.016364,0.259278958,5.3395,2.575,20.462,333,7.57,7.27,102.1877778,25.61888889,21.5,127.6,1970,1060633.346,2272500,5400
MGH_22_Dec,0.868432,0.0572544,4.4545,1.1228,14.289,324.8,8.55,7.92,102.1877778,25.61888889,8.6,10.8,1970,1060633.346,2272500,5400
MGH_23_Apr,1.510194,0.1761312,3.653333333,2.97,17.826,416.6,7.72,6.63,102.1877778,25.61888889,20.6,63.8,1970,1060633.346,2210400,5400
MGH_23_Jul,2.441784,0.1658832,5.751,0.329333333,23.87,434.07,7.69,5.96,102.1877778,25.61888889,21,223.7,1970,1060633.346,2210400,5400
JPD,0.6376,0.067545503,4.8025,0.0824,25.6,485,9.34,7.99,102.37,26.29,22.1,107.9,1571,1110753.007,1289700,6300
JPD_11,3.4758,0.398717017,3.037,1.3688,13.2,303.9,7.88,8.57,102.37,26.29,23.3,30.2,1571,1110753.007,1342800,6300
SYH_22_Jan,0.54487,0.0087464,2.305,4.7,16.458,572.4,8.03,9.07,102.5841667,26.37055556,14.4,17.7,846,1147358.099,1044900,12600
SYH_22_Mar,1.073332,0.04674244,3.666,18.65,20.874,422.3,8.47,13.23,102.5841667,26.37055556,23.9,37.2,846,1147358.099,1044900,12600
SYH_22_Jul,1.681864,0.458235678,3.0365,43.6,26.926,347.5,8.46,11.87,102.5841667,26.37055556,26.7,90.5,846,1147358.099,1044900,12600
SYH_22_Dec,0.661412,0.0306096,3.205,8.8032,19.186,554.7,8.85,8.13,102.5841667,26.37055556,13.3,6.4,846,1147358.099,1044900,12600
SYH_23_Apr,0.526849,0.0634032,2.091666667,5.27,18.6,396.9,8.6,10.42,102.5841667,26.37055556,27.4,66.2,846,1147358.099,931500,12600
SYH_23_Jul,0.8425545,0.0244608,5.104,3.4606,24.54,765.93,8.22,8.68,102.5841667,26.37055556,25.9,202.4,846,1147358.099,931500,12600
WDD_3_22_Jan,0.640954,0.0189496,2.2995,2.117468,16.25,569.7,7.97,8.71,102.535675,26.228038,5.3,30.1,2437,1161482.077,1996200,0
WDD_3_22_Mar,0.779742,0.02337504,2.7755,3.02,17.284,461.1,8.33,10.75,102.535675,26.228038,13.2,69.7,2437,1161482.077,1996200,0
WDD_3_22_Jul,0.587574,0.07812152,1.687,0.7,20.636,444,8.01,12.03,102.535675,26.228038,18.7,99.4,2437,1161482.077,1996200,0
WDD_3_22_Dec,0.67866367,0.0162624,3.3785,5.339,19.193,556.3,9.52,8.26,102.535675,26.228038,5,5.7,2437,1161482.077,1996200,0
WDD_3_23_Apr,0.3560575,0.0347088,1.863,1.22,16.9,374.8,8.4,9.58,102.535675,26.228038,17.1,79.8,2437,1161482.077,1971900,0
WDD_3_23_Jul,0.7493955,0.018312,6.4875,0.2016,23.01,722.97,8.14,8.08,102.535675,26.228038,18,275.2,2437,1161482.077,1971900,0
WDD_1_22_Jan,0.603588,0.0116616,1.7,1.06,16.223,564.9,7.96,8.61,102.7538,26.28,14.3,26.3,821,1177647.705,463500,17100
WDD_1_22_Jul,0.38473,0.05074828,1.9235,0.84,19.432,129.5,8.03,11.72,102.7538,26.28,26.5,77.5,821,1177647.705,463500,17100
WDD_1_22_Dec,0.64071,0.02856,2.9675,1.0064,18.934,437.6,8.99,8.32,102.7538,26.28,13.5,5.7,821,1177647.705,463500,17100
WDD_1_23_Apr,0.485445,0.0552048,1.638666667,0.87,15.022,367.1,8.23,9.45,102.7538,26.28,26,69.5,821,1177647.705,427500,10800
WDD_1_23_Jul,0.7804485,0.0224112,4.2735,0.0792,24.224,708.95,8.1,8,102.7538,26.28,25.6,210.5,821,1177647.705,427500,10800
GLD,1.3495,0.247420386,7.391,0.0725,22.6,325.5,8.66,8.45,103.05,26.52,23.7,94,699,1226460.593,1567800,565200
GLD_12,3.632,0.36341447,3.511,2.601,15.8,313,8.32,9.05,103.05,26.52,25,34.4,699,1226460.593,1433700,565200
BHT_4_22_Jan,0.592912,0.0167632,2.6185,2.78,16.744,521.8,8,9.2,103.035,26.49805556,13.6,19.9,700,1229498.047,1622700,23400
BHT_4_22_Mar,0.817108,0.03005144,2.9755,3.29,18.727,513,8.23,9.73,103.035,26.49805556,24,45.4,700,1229498.047,1622700,23400
BHT_4_22_Jul,0.454124,0.04674244,2.174,1.12,20.975,484.4,8.04,11.97,103.035,26.49805556,27.5,100.7,700,1229498.047,1622700,23400
BHT_4_22_Dec,0.7390445,0.049056,3.196,5.339,21.905,489.7,8.48,8.28,103.035,26.49805556,12.8,6.3,700,1229498.047,1622700,23400
BHT_4_23_Apr,0.9253625,0.0306096,1.862666667,2.7,20.706,549.2,8.41,9.63,103.035,26.49805556,27.9,76.5,700,1229498.047,1368900,123300
BHT_4_23_Jul,0.795975,0.0142128,4.6625,0.1986,22.7,756.43,8.04,9.43,103.035,26.49805556,26.6,197.5,700,1229498.047,1368900,123300
BHT_3_22_Jan,0.539532,0.0145768,2.7845,2.17,16.847,519.7,7.97,9.08,103.0388889,26.56277778,13.5,19.1,696,1237182.856,1811700,81900
BHT_3_22_Mar,0.769066,0.02871616,2.9605,3.39,18.044,508.8,8.11,9.56,103.0388889,26.56277778,23.6,46.4,696,1237182.856,1811700,81900
BHT_3_22_Jul,0.390068,0.06009524,2.661,31.58,25.774,423.6,8.83,19.82,103.0388889,26.56277778,27.6,106.6,696,1237182.856,1811700,81900
BHT_3_22_Dec,0.7183425,0.0326592,3.407,4.5654,22.107,490.4,8.53,8.25,103.0388889,26.56277778,12.9,7.2,696,1237182.856,1811700,81900
BHT_3_23_Apr,0.878783,0.0306096,1.872333333,1.9,21.225,553.9,8.4,9.52,103.0388889,26.56277778,27.7,78.6,696,1237182.856,1696500,400500
BHT_3_23_Jul,0.8943095,0.0224112,5.845,4.259,23.27,791.92,8.3,10.4,103.0388889,26.56277778,26.7,201.2,696,1237182.856,1696500,400500
HSH_22_Jan,0.566222,0.0167632,2.1155,0.7,17.327,502.3,7.88,8.6,102.8447222,26.95444444,13.8,11.7,776,1292893.935,2531700,52200
HSH_22_Mar,0.667644,0.01803392,3.046,3.15,20.109,471.4,8.38,9.92,102.8447222,26.95444444,23.7,39.1,776,1292893.935,2531700,52200
HSH_22_Jul,0.379392,0.04073368,2.555,11.7875,25.814,313.4,8.61,14.54,102.8447222,26.95444444,27.8,141.8,776,1292893.935,2531700,52200
HSH_22_Dec,0.71489217,0.0326592,4.057,6.366,22.109,490.8,9.38,8.28,102.8447222,26.95444444,13.4,7.9,776,1292893.935,2531700,52200
HSH_23_Apr,0.878783,0.0265104,1.737333333,2.88,20.2,418.7,8.51,9.09,102.8447222,26.95444444,28.5,77.6,776,1292893.935,1415700,42300
HSH_23_Jul,0.8736075,0.0142128,4.7935,1.163,26.4,430.37,8.4,9.22,102.8447222,26.95444444,27,174.3,776,1292893.935,1415700,42300
BHT_2_22_Jan,0.646292,0.0276952,1.9135,0.81,17.012,530.5,7.88,8.67,102.89,26.98555556,12.5,11.4,636,1296351.232,1654200,0
BHT_2_22_Mar,0.737038,0.03005144,2.7825,0.72,15.829,514.3,7.95,8.65,102.89,26.98555556,22,41.9,636,1296351.232,1654200,0
BHT_2_22_Jul,0.17121,0.0260456,2.7365,6.6125,34.676,253.2,7.88,7.77,102.89,26.98555556,26.5,137.3,636,1296351.232,1654200,0
BHT_2_22_Dec,0.8529055,0.018312,3.797,2.6896,21.352,503.2,7.82,8.03,102.89,26.98555556,12.4,7.6,636,1296351.232,1654200,0
BHT_2_23_Apr,1.4118595,0.0203616,2.152333333,2.97,16.51,456.6,8.1,9.27,102.89,26.98555556,27,79.6,636,1296351.232,951300,0
BHT_2_23_Jul,0.7286935,0.0142128,4.5285,0.9624,25.27,557.28,8.32,9.93,102.89,26.98555556,25.7,180.4,636,1296351.232,951300,0
BHT_1_22_Jan,0.582236,0.0189496,2.2025,0.61,16.942,509.2,7.88,8.76,102.8847222,27.25277778,12.7,13,606,1331347.216,2175300,279900
BHT_1_22_Mar,0.742376,0.02671324,3.0565,0.63,15.158,496.7,8.03,9.19,102.8847222,27.25277778,21.8,53,606,1331347.216,2175300,279900
BHT_1_22_Jul,0.603588,0.02070448,2.152,0.98,20.399,165.7,7.92,11.43,102.8847222,27.25277778,27.1,158.4,606,1331347.216,2175300,279900
BHT_1_22_Dec,0.76837234,0.038808,3.4125,0.7942,20.732,484.9,10.56,7.97,102.8847222,27.25277778,12.6,7.3,606,1331347.216,2175300,279900
BHT_1_23_Apr,0.713167,0.0162624,1.840333333,0.43,15.533,323.7,8.09,9.42,102.8847222,27.25277778,26.3,81.8,606,1331347.216,2135700,281700
BHT_1_23_Jul,0.713167,0.0060144,4.6995,0.2944,23.54,695.55,8.78,8.75,102.8847222,27.25277778,26.4,197.2,606,1331347.216,2135700,281700
LTH_22_Jan,0.769066,0.017492,1.8265,0.99,16.802,482.4,7.97,9.02,103.4886111,27.97444444,10.2,24.5,593,1467808.453,2336400,54000
LTH_22_Mar,1.057318,0.03005144,2.5535,2.9,17.35,482.187,8.2843,9.5805,103.4886111,27.97444444,20.3,74.5,593,1467808.453,2336400,54000
LTH_22_Jul,1.000379333,0.03739548,1.716,10.75,26.684,512.1,8.35,13.81,103.4886111,27.97444444,27.5,132.9,593,1467808.453,2336400,54000
LTH_23_Apr,0.754571,0.0470064,1.792,3.76,21.907,523.4,8.33,9.4,103.4886111,27.97444444,24.8,102.3,593,1467808.453,2065500,99900
LTH_23_Jul,0.9978195,0.0101136,4.1695,1.4388,26.08,559.14,8.21,10.65,103.4886111,27.97444444,26.7,235,593,1467808.453,2065500,99900
XLD_4_22_Jan,0.603588,0.0196784,1.9165,0.79,16.778,483.7,7.94,9.01,103.5161111,27.97055556,10.8,25.6,462,1470137.658,1888200,144000
XLD_4_22_Mar,0.753052,0.032722,2.771,2.81,18.67,494.346,8.3427,9.5152,103.5161111,27.97055556,21,78,462,1470137.658,1888200,144000
XLD_4_22_Jul,0.795756,0.030055891,2.16,3.13,23.228,518.3,8.02,12.73,103.5161111,27.97055556,28.2,133.2,462,1470137.658,1888200,144000
XLD_4_22_Dec,0.7597465,0.0265104,3.457,1.8964,21.359,431.5,8.38,8.11,103.5161111,27.97055556,11.4,12.2,462,1470137.658,1888200,144000
XLD_4_23_Apr,1.0081705,0.0470064,1.917,2.29,20.995,522.2,8.36,9.57,103.5161111,27.97055556,25.6,104.5,462,1470137.658,1845900,174600
XLD_4_23_Jul,0.557902,0.0060144,4.012,0.3932,25.8,574.6,8.3,10.3,103.5161111,27.97055556,27.4,248.7,462,1470137.658,1845900,174600
XLD_1_22_Jan,0.614264,0.0145768,1.621,0.59,15.225,475.9,7.93,9.59,103.4,28.14,4.7,20.5,1138,1496319.546,1659600,0
XLD_1_22_Mar,0.779742,0.01336044,2.7895,0.91,15.313,464.7,7.97,9.39,103.4,28.14,15.2,64.6,1138,1496319.546,1659600,0
XLD_1_22_Jul,0.897178,0.0260456,1.492,1.11,20.981,428.3,8.09,12.37,103.4,28.14,23.9,126,1138,1496319.546,1659600,0
XLD_1_22_Dec,0.756411765,0.025739225,3.239055,0.3492,21.294,415.5,8.18,7.96,103.4,28.14,6,13.9,1138,1496319.546,1659600,0
XLD_1_23_Apr,0.5734285,0.0347088,1.906666667,0.6,17.616,521.5,8.29,9.21,103.4,28.14,20.9,94.6,1138,1496319.546,1625400,0
XLD_1_23_Jul,0.6872895,0.0265104,4.8725,0.2142,22.7,585.3,7.95,8.63,103.4,28.14,23,185,1138,1496319.546,1625400,0
XLD_3_22_Jan,0.614264,0.0153056,1.4395,0,16.998,461.3,7.91,9.07,103.4933333,28.14361111,8.2,28.5,452,1501645.399,998100,4500
XLD_3_22_Mar,0.854474,0.02070448,2.6985,3.72,16.266,510,8.11,9.79,103.4933333,28.14361111,18.9,79.1,452,1501645.399,998100,4500
XLD_3_22_Jul,0.83846,0.03672784,2.3035,22.47,24.369,502.4,8.36,14.64,103.4933333,28.14361111,27.6,140.4,452,1501645.399,998100,4500
XLD_3_22_Dec,0.8736075,0.0265104,3.8525,1.335,21.39,420.9,8.42,8.06,103.4933333,28.14361111,9.5,14.5,452,1501645.399,998100,4500
XLD_3_23_Apr,0.837379,0.0306096,2.306666667,1.64,17.872,518.9,8.37,9.85,103.4933333,28.14361111,24,105.3,452,1501645.399,1191600,4500
XLD_3_23_Jul,0.754571,0.0060144,3.7745,0.3932,24.6,566.36,8.26,9.61,103.4933333,28.14361111,26.7,252.3,452,1501645.399,1191600,4500
L3_S_1,1.3762216,0.058435203,0.955834,1.5554,15.222,482.4,8.29,8.97,103.5035056,28.14546944,9.6,8.3,508,1506695.199,1582200,13500
L3_S_3,0.7701744,0.0618448,2.0097,9.6314,12.643,417.9,8.36,9.62,103.5035056,28.14546944,19.8,53.6,508,1506695.199,1582200,13500
L3_S_5,2.019809,0.033392,3.874,4.8688,12.872,412.5,8.1,9.22,103.5035056,28.14546944,24.1,181.2,508,1506695.199,1582200,13500
L3_S_7,1.283157895,0.063794,3.9495,1.2387,22.128,470.9,8.07,8.34,103.5035056,28.14546944,26.4,199.1,508,1506695.199,1582200,13500
L3_S_9,2.297959184,0.090818,2.579,0.7558,22.24,414,8.26,8.88,103.5035056,28.14546944,17,64.6,508,1506695.199,1582200,13500
L3_S_11,2.971428571,0.068861,1.666,0.2688,18.698,451.8,8.21,9.06,103.5035056,28.14546944,9.4,19.2,508,1506695.199,1582200,13500
May_1,1.761471808,0.06162695,1.5675,1.8346,20.365,436.4,8.06,9.13,103.5035056,28.14546944,24.3,186.2,508,1506695.199,1536300,13500
July_1,1.746232,0.0934016,1.2735,3.4004,24.322,446.8,8.53,8.67,103.5035056,28.14546944,27.9,186.2,508,1506695.199,1536300,13500
Nov_1,1.679416,0.037,0.8665,0.9446,17.836,444.1,8.06,8.93,103.5035056,28.14546944,8.4,16.7,508,1506695.199,1536300,13500
L2_S_1,1.433672,0.054656904,2.01725548,1.8582,15.409,485.6,8.29,8.98,103.5648583,28.21458056,9.6,8.2,789,1509066.857,1072800,5400
L2_S_3,0.8444352,0.0402256,1.2762,10.0002,12.548,416.4,8.4,9.57,103.5648583,28.21458056,20,54.7,789,1509066.857,1072800,5400
L2_S_5,1.734517,0.041837,2.941,5.5662,17.38,371.7,8.22,8.65,103.5648583,28.21458056,24.7,184.6,789,1509066.857,1072800,5400
L2_S_7,1.188421053,0.068861,3.793,1.0471,22.47,489.1,8.09,8.24,103.5648583,28.21458056,27,200.1,789,1509066.857,1072800,5400
L2_S_9,2.593877551,0.10433,2.56,0.7528,22.271,400.5,8.27,8.84,103.5648583,28.21458056,17.2,63.1,789,1509066.857,1072800,5400
L2_S_11,3.114285714,0.153311,1.527,0.1194,18.718,436.4,8.17,8.96,103.5648583,28.21458056,9.7,19.6,789,1509066.857,1072800,5400
XLD_2_z_Jan,0.368728,0.0182208,2.212,0.36,17.048,463.1,7.88,9.04,103.6152778,28.25277778,7.1,38.4,400,1523284.254,1656000,226800
XLD_2_z_Mar,0.591144667,0.017588827,1.8895,6.54,15.912,505.7,8.11,10.12,103.6152778,28.25277778,18.2,93.5,400,1523284.254,1656000,226800
XLD_2_z_Jul,0.806432,0.03539256,1.733,9.02,24.665,498.4,8.37,15.51,103.6152778,28.25277778,27.3,115.8,400,1523284.254,1656000,226800
XLD_2_z_Nov,0.806326,0.029243201,3.7555,1.2186,21.317,418,8.03,8.29,103.6152778,28.25277778,8.3,12.1,400,1523284.254,1656000,226800
XLD_2_23_Apr,0.754571,0.0306096,2.148333333,1.87,19.611,519.4,8.39,9.91,103.6152778,28.25277778,23.5,108.6,400,1523284.254,1764000,231300
XLD_2_23_Jul,0.5941305,0.0060144,5.2215,0.2758,24.09,567.91,8.2,9.48,103.6152778,28.25277778,26.3,285.5,400,1523284.254,1764000,231300
L1_S_1,1.1956632,0.050119039,3.005872,2.3444,15.413,489.6,8.33,8.7,103.6182278,28.24634167,9.8,7.5,672,1523622.179,1564200,241200
L1_S_3,0.6752856,0.0375232,4.0642,10.8778,14.114,413.3,8.52,9.69,103.6182278,28.24634167,20.3,54.9,672,1523622.179,1564200,241200
L1_S_5,2.060565,0.038459,3.723333333,5.5456,16.38,375,8.18,8.79,103.6182278,28.24634167,25,186.5,672,1523622.179,1564200,241200
L1_S_7,0.925263158,0.075617,4.1705,3.2289,22.313,487.4,8.05,8.22,103.6182278,28.24634167,27,197.7,672,1523622.179,1564200,241200
L1_S_9,2.706122449,0.111086,2.5545,0.0266,22.188,381.1,8.2,8.86,103.6182278,28.24634167,17.4,60.9,672,1523622.179,1564200,241200
L1_S_11,3.665306122,0.112775,1.572,0.2554,18.737,434.3,8.18,9.01,103.6182278,28.24634167,9.5,19.1,672,1523622.179,1564200,241200
May_2,1.657134016,0.05,1.774,2.3558,20.433,435.1,8.06,9.28,103.6182278,28.24634167,24.1,169.1,672,1523622.179,1556100,250200
July_2,1.722015808,0.07500575,1.261,2.1004,23.236,461.7,8.21,8.48,103.6182278,28.24634167,26.9,177.5,672,1523622.179,1556100,250200
Nov_2,1.62186784,0.0398864,0.448,1.1166,17.936,441.6,8.04,8.89,103.6182278,28.24634167,8.6,13,672,1523622.179,1556100,250200
YZY,0.764,0.56010009,6.2895,4.129,23.7,429.2,8.17,8.86,103.64,28.26,21,161.8,972,1529439.677,1963800,438300
YZY_13,3.6529,0.139831671,3.827,5.792666667,15.5,334.6,7.64,10.29,103.64,28.26,18,73.1,972,1529439.677,1931400,438300
May_3,1.688632,0.05,1.2315,1.1568,24.451,435.5,8.04,8.58,103.6779667,28.23868056,24.8,185.8,715,1530441.335,2716200,446400
July_3,1.713976,0.1,1.4005,1.1022,27.037,466.8,8.05,7.94,103.6779667,28.23868056,28.1,183.2,715,1530441.335,2716200,446400
Nov_3,1.571128,0.035,0.642,0.8292,17.029,443.1,8.02,9.07,103.6779667,28.23868056,9.1,15.9,715,1530441.335,2716200,446400
B10_1,1.734517,0.041837,2.941,5.5662,17.38,371.7,8.22,8.65,103.6955528,28.22633333,9.3,6.3,718,1536577.174,2422800,92700
B10_3,0.5515176,0.0469816,1.3312,6.7296,13.91,423.3,8.51,9.85,103.6955528,28.22633333,19.9,69.4,718,1536577.174,2422800,92700
B10_5,1.928108,0.040148,3.559333333,1.5096,20.459,373.7,8.22,8.96,103.6955528,28.22633333,25.2,170.4,718,1536577.174,2422800,92700
B10_7,1.198947368,0.084062,3.9595,0.4857,22.378,474.9,8.08,8.97,103.6955528,28.22633333,28,199.1,718,1536577.174,2422800,92700
B10_9,2.583673469,0.124598,2.475,0.482,22.38,366.2,8.25,9.43,103.6955528,28.22633333,16.9,65.8,718,1536577.174,2422800,92700
B10_11,2.859183673,0.075617,1.541,0.0762,18.779,429,8.18,9.12,103.6955528,28.22633333,8,21.9,718,1536577.174,2422800,92700
B9_1,0.5515176,0.0469816,1.3312,6.7296,13.91,423.3,8.51,9.85,103.7292944,28.229225,10.2,5.8,697,1542888.107,2690100,36000
B9_3,0.691788,0.1064344,2.0387,5.4008,14.096,414.4,8.54,9.87,103.7292944,28.229225,20.7,54.1,697,1542888.107,2690100,36000
B9_5,2.121699,0.040148,3.313,1.9484,18.479,372.3,8.17,8.94,103.7292944,28.229225,25.3,190.7,697,1542888.107,2690100,36000
B9_7,1.409473684,0.089129,4.2165,0.4651,22.391,473,8.08,8.94,103.7292944,28.229225,27.4,180.1,697,1542888.107,2690100,36000
B9_9,2.175510204,0.117842,2.5135,0.2594,22.403,365.7,8.24,9.33,103.7292944,28.229225,17.9,55.1,697,1542888.107,2690100,36000
B9_11,2.797959184,0.07055,1.733,0.2162,18.783,430.1,8.18,9.13,103.7292944,28.229225,10.1,18.1,697,1542888.107,2690100,36000
B8_S_1,0.6629088,0.0550888,1.4272,26.7062,13.662,434.8,8.49,9.44,103.8771417,28.31155,8.9,7,420,1561829.37,1273500,16200
B8_S_3,0.7000392,0.042928,1.2762,6.0178,14.051,419.1,8.56,9.76,103.8771417,28.31155,19.7,57.5,420,1561829.37,1273500,16200
B8_S_5,1.80584,0.03677,4.272666667,2.0504,18.477,372.3,8.27,8.83,103.8771417,28.31155,24.8,185.3,420,1561829.37,1273500,16200
B8_S_7,1.598947368,0.111086,3.835,0.2735,22.423,468.3,8.08,8.91,103.8771417,28.31155,27.2,182.4,420,1561829.37,1273500,16200
B8_S_9,2.869387755,0.136421,2.447,0.0998,22.431,385.8,8.21,9.69,103.8771417,28.31155,16.8,56.7,420,1561829.37,1273500,16200
B8_S_11,2.859183673,0.068861,1.922,0.2678,18.678,429.9,8.21,8.97,103.8771417,28.31155,8.7,17.8,420,1561829.37,1273500,16200
May_4,1.994225344,0.0465758,1.636,1.6018,19.317,427,7.97,9.2,103.8771417,28.31155,21.4,259.4,420,1561829.37,1269900,14400
July_4,1.613522176,0.08169515,1.1275,1.0816,22.799,466.6,8.1,8.72,103.8771417,28.31155,25.1,76.4,420,1561829.37,1269900,14400
Nov_4,1.563448192,0.03152465,0.7065,0.8282,17.937,440.5,8.05,8.86,103.8771417,28.31155,5.5,35.1,420,1561829.37,1269900,14400
B7_S_1,0.7082904,0.0686008,1.7087,35.02,13.636,432.4,8.49,9.65,103.8267611,28.46669167,8.3,7,386,1580637.979,1996200,62100
B7_S_3,0.7908024,0.0442792,1.2432,6.0384,14.031,421.9,8.56,9.81,103.8267611,28.46669167,18.8,60.4,386,1580637.979,1996200,62100
B7_S_5,1.928108,0.041837,5.242333333,1.6054,18.578,372,8.24,8.73,103.8267611,28.46669167,23.3,179.2,386,1580637.979,1996200,62100
B7_S_7,1.22,0.089129,3.67,0.3899,22.496,482.1,8.08,9.46,103.8267611,28.46669167,26,187.6,386,1580637.979,1996200,62100
B7_S_9,2.930612245,0.131354,2.476,0.146,22.431,385.3,8.25,9.78,103.8267611,28.46669167,15.8,58.2,386,1580637.979,1996200,62100
B7_S_11,2.83877551,0.072239,1.705,0.0968,18.664,423.5,8.16,8.96,103.8267611,28.46669167,7.4,17.5,386,1580637.979,1996200,62100
May_5,1.592926144,0.04155875,1.3895,1.2722,19.454,429.7,8,9.2,103.8267611,28.46669167,20.8,259.5,386,1580637.979,1866600,63000
July_5,1.847200768,0.09172925,1.1535,0.4234,22.802,453.6,9.12,8.54,103.8267611,28.46669167,24.5,78,386,1580637.979,1866600,63000
Nov_5,1.58013952,0.03821405,0.6115,0.8498,17.768,443.6,8.06,8.9,103.8267611,28.46669167,5,35.2,386,1580637.979,1866600,63000
XJB_4_22_Jan,0.560884,0.0153056,1.413,0.47,16.983,469.6,7.93,9.03,103.8283333,28.46083333,7,53.2,337,1581285.679,2142900,27900
XJB_4_22_Mar,0.790418,0.01002224,2.5115,1.19,15.3,514.4,7.95,9.38,103.8283333,28.46083333,18,116,337,1581285.679,2142900,27900
XJB_4_22_Jul,0.881164,0.024714771,1.658,1.42,21.064,504.8,7.96,12.93,103.8283333,28.46083333,27.6,97.3,337,1581285.679,2142900,27900
XJB_4_22_Dec,1.0185215,0.0162624,3.2095,0.6572,21.251,416.9,8.3,8.01,103.8283333,28.46083333,7.2,11.4,337,1581285.679,2142900,27900
XJB_4_23_Apr,1.282472,0.038808,1.798666667,0.65,16.155,519.1,8.01,9.2,103.8283333,28.46083333,22.9,118.2,337,1581285.679,2444400,27900
XJB_4_23_Jul,0.7907995,0.0101136,4.0605,0.1194,22.21,577.54,8,8.84,103.8283333,28.46083333,26.5,332,337,1581285.679,2444400,27900
XNH_22_Jan,0.672982,0.0204072,2.0505,0.6,16.878,454.9,7.94,9.4,103.825,28.67055556,7.2,56.3,478,1604452.327,2259000,48600
XNH_22_Mar,0.81177,0.0293838,2.039,1.58,15.037,318.1,7.83,8.99,103.825,28.67055556,18.2,123.4,478,1604452.327,2259000,48600
XNH_22_Jul,1.180092,0.042518504,1.683,21.61,21.392,493.4,8.22,13.21,103.825,28.67055556,28,105.5,478,1604452.327,2259000,48600
XNH_22_Dec,0.82357767,0.0224112,3.0985,2.3198,21.385,408.7,8.45,8.02,103.825,28.67055556,7.2,12.3,478,1604452.327,2259000,48600
XNH_23_Apr,0.8218525,0.0347088,1.247333333,19.4,16.899,488.3,8.19,9.6,103.825,28.67055556,22.7,120.9,478,1604452.327,2404800,55800
XNH_23_Jul,0.9046605,0.0244608,2.904,1.1002,23,458.38,8.11,8.67,103.825,28.67055556,26.9,359.4,478,1604452.327,2404800,55800
LJB,0.78735,0.924893078,6.3175,2.157,23,418.1,8.45,7.93,103.85,28.66,21.1,210.6,428,1610522.963,2211300,35100
LJB_14,0.8945,0.091080534,1.606,30.4564,14.6,303.8,6.88,10.42,103.85,28.66,17.7,93.3,428,1610522.963,2349900,37800
B6_S_1,0.691788,0.1064344,2.0387,5.4008,14.096,414.4,8.54,9.87,103.9463194,28.59974722,9.2,8.3,333,1627190.524,1096200,533700
B6_S_3,0.7082904,0.0686008,1.7087,35.02,13.636,432.4,8.49,9.65,103.9463194,28.59974722,20.2,65.7,333,1627190.524,1096200,533700
B6_S_5,1.938297,0.041837,4.565,2.2832,18.428,371.8,8.21,8.62,103.9463194,28.59974722,25.7,182.8,333,1627190.524,1096200,533700
B6_S_7,1.504210526,0.107708,3.846,0.2735,22.34,464.1,8.06,8.73,103.9463194,28.59974722,28,208.8,333,1627190.524,1096200,533700
B6_S_9,2.655102041,0.127976,2.508,0.174,22.375,364.7,8.22,9.39,103.9463194,28.59974722,17.3,62.9,333,1627190.524,1096200,533700
B6_S_11,2.9,0.102641,1.933,0.0874,18.681,427.6,8.18,8.96,103.9463194,28.59974722,8.9,18.6,333,1627190.524,1096200,533700
May_6,1.60108,0.052,1.3315,2.4166,19.714,425.2,8.11,9.24,103.9463194,28.59974722,25.8,181.4,333,1627190.524,1092600,532800
July_6,1.680287488,0.08503985,1.1755,1.0064,23.647,464.5,8.58,8.62,103.9463194,28.59974722,29.1,115.3,333,1627190.524,1092600,532800
Nov_6,1.70532448,0.033197,0.848,1.232,17.949,431.1,8.05,9,103.9463194,28.59974722,8.9,20.5,333,1627190.524,1092600,532800
XJB_3_22_Jan,0.512842,0.0182208,1.9695,0.53,16.954,442.2,7.94,9.29,103.9852778,28.61305556,7.3,50.3,306,1627455.912,1619100,298800
XJB_3_22_Mar,0.75839,0.01669864,2.6345,5.37,17.299,496.2,8.24,10.55,103.9852778,28.61305556,18.8,116.3,306,1627455.912,1619100,298800
XJB_3_22_Jul,0.83846,0.025604958,1.3405,8.09,24.098,486.8,8.25,13.72,103.9852778,28.61305556,28.3,104.4,306,1627455.912,1619100,298800
XJB_3_22_Dec,0.827028,0.018312,3.0935,5.645,21.549,407.8,8.41,8.03,103.9852778,28.61305556,7.8,13,306,1627455.912,1619100,298800
XJB_3_23_Apr,1.210015,0.0162624,2.276333333,2.03,21.08,513.5,8.58,10.75,103.9852778,28.61305556,23.4,124.9,306,1627455.912,1656000,304200
XJB_3_23_Jul,0.6458855,0.0101136,3.5875,0.3952,23,533.16,8.2,9.63,103.9852778,28.61305556,27.5,330.6,306,1627455.912,1656000,304200
B4_S_1,1.989242,0.040148,2.717333333,0.6948,17.986,373.8,8.3,8.85,104.181325,28.636775,9.2,10.1,556,1650508.659,2252700,24300
B4_S_3,0.815556,0.0375232,1.2347,11.74,13.703,433.5,8.52,9.53,104.181325,28.636775,20,67.4,556,1650508.659,2252700,24300
B4_S_5,1.836407,0.041837,3.440333333,4.4052,18.615,372.6,8.34,9.12,104.181325,28.636775,25.6,175.3,556,1650508.659,2252700,24300
B4_S_7,1.462105263,0.100952,4.3075,0.8895,22.337,445.7,8.04,8.54,104.181325,28.636775,27.9,206.7,556,1650508.659,2252700,24300
B4_S_9,3.246938776,0.133043,2.4505,0.0698,22.371,362.6,8.23,9.16,104.181325,28.636775,17.1,65.9,556,1650508.659,2252700,24300
B4_S_11,2.746938776,0.10433,2.012,0.2152,18.646,427,8.18,8.95,104.181325,28.636775,8.4,19.1,556,1650508.659,2252700,24300
B5_S_1,0.7701744,0.0618448,2.0097,9.6314,12.643,417.9,8.36,9.62,104.1467167,28.62870833,9,9.9,480,1661916.213,2796300,18000
B5_S_3,1.0919712,0.1023808,1.4197,14.6624,13.677,433.4,8.45,9.45,104.1467167,28.62870833,19.8,67.3,480,1661916.213,2796300,18000
B5_S_5,2.060565,0.040148,3.334,3.9262,18.043,373.7,8.26,8.73,104.1467167,28.62870833,25.4,174.1,480,1661916.213,2796300,18000
B5_S_7,2.009473684,0.100952,4.0715,3.0383,22.331,447.5,8.04,8.55,104.1467167,28.62870833,27.7,205,480,1661916.213,2796300,18000
B5_S_9,2.573469388,0.131354,2.3615,0.283,22.374,363.7,8.25,9.23,104.1467167,28.62870833,17,64.7,480,1661916.213,2796300,18000
B5_S_11,2.267346939,0.085751,2.162,0.055,18.651,426.9,8.18,8.95,104.1467167,28.62870833,8.4,19,480,1661916.213,2796300,18000
May_7,1.70528992,0.04490345,1.4355,3.7526,19.571,419.4,8.08,9.2,104.1467167,28.62870833,26.2,146.3,480,1661916.213,2745000,19800
July_7,1.638559168,0.0967463,1.3885,2.1818,23.257,466.1,8.45,8.31,104.1467167,28.62870833,29.3,53.7,480,1661916.213,2745000,19800
Nov_7,1.605176512,0.0365417,0.31,1.2536,17.561,425.5,8.06,8.91,104.1467167,28.62870833,8.2,23.4,480,1661916.213,2745000,19800
B3_S_1,2.060565,0.040148,3.334,3.9262,18.043,373.7,8.26,8.73,104.2712861,28.63240556,8.4,10.5,430,1663756.549,534600,0
B3_S_3,0.6629088,0.0550888,1.4272,26.7062,13.662,434.8,8.49,9.44,104.2712861,28.63240556,19,68.6,430,1663756.549,534600,0
B3_S_5,1.551115,0.038459,4.027,1.0646,17.465,374.9,8.24,8.76,104.2712861,28.63240556,24.5,168.8,430,1663756.549,534600,0
B3_S_7,1.588421053,0.151622,4.2555,0.5815,22.498,431.7,8.01,8.27,104.2712861,28.63240556,27,194.5,430,1663756.549,534600,0
B3_S_9,3.063265306,0.129665,2.526,0.174,22.377,359.2,8.21,8.98,104.2712861,28.63240556,16.2,64.5,430,1663756.549,534600,0
B3_S_11,2.195918367,0.065483,2.081,0.2234,18.68,425.7,8.16,8.94,104.2712861,28.63240556,7.6,19.4,430,1663756.549,534600,0
May_8,1.930017472,0.0432311,1.4485,4.5994,20.289,409.1,8.17,10.12,104.2712861,28.63240556,25.9,177.8,430,1663756.549,513900,0
July_8,1.7470528,0.07166105,1.152,3.5704,23.226,481.7,8.95,8.5,104.2712861,28.63240556,29.4,111.1,430,1663756.549,513900,0
Nov_8,1.855546432,0.04155875,0.5995,1.2742,17.728,423.8,8.06,8.87,104.2712861,28.63240556,9.5,19.4,430,1663756.549,513900,0
SNP,0.8483,0.109572345,5.6205,4.5654,23.7,405.7,8.45,8.124,104.3,28.63,22.9,214.9,295,1670386.92,1148400,108000
SNP_15,0.5829,0.045691545,2.91,24.4318,16,336.8,7.55,11.22,104.3,28.63,19.8,89.6,295,1670386.92,1146600,118800
May_10,1.746232,0.05,1.373,2.123,19.221,408.8,8.08,9.19,104.4151417,28.633275,23.6,179.1,300,1673749.608,1039500,2528100
July_10,1.722015808,0.0800228,1.043,1.4298,25.525,485.9,8.6,8.28,104.4151417,28.633275,26.9,185.8,300,1673749.608,1039500,2528100
Nov_10,1.605176512,0.0398864,0.6095,1.4452,16.736,426.6,8.08,9.23,104.4151417,28.633275,8,14.6,300,1673749.608,1039500,2528100
XJB_1_22_Jan,0.662306,0.0196784,2.2625,0.25,16.859,432.5,7.92,9.49,104.4097222,28.64,7.7,48.3,306,1674499.581,1172700,2454300
XJB_1_22_Mar,0.822446,0.0227074,3.34,1.05,15.929,495.3,7.96,9.42,104.4097222,28.64,19.6,108.1,306,1674499.581,1172700,2454300
XJB_1_22_Jul,0.813549333,0.032944547,1.1495,1.56,21.019,476.5,8.06,12.45,104.4097222,28.64,28.1,94.4,306,1674499.581,1172700,2454300
XJB_1_22_Dec,0.9564155,0.0101136,3.1155,0.6778,21.73,406.3,8.22,7.94,104.4097222,28.64,8.4,16.2,306,1674499.581,1172700,2454300
XJB_1_23_Apr,0.7183425,0.0060144,1.668666667,0.46,16.407,521,8.17,9.4,104.4097222,28.64,23.5,131.3,306,1674499.581,1171800,2459700
XJB_1_23_Jul,0.733869,0.0101136,4.1895,0.1966,22.27,518.66,8.15,8.86,104.4097222,28.64,28,277.3,306,1674499.581,1171800,2459700
B1_S_1,1.744706,0.043526,1.843666667,0.6392,14.89776,410.255,8.2697,9.1993,104.3796667,28.64806389,9.1,11.1,283,1677807.188,1266300,220500
B1_S_3,0.8403096,0.0375232,1.2612,11.98,13.758,452.9,8.43,9.16,104.3796667,28.64806389,19.9,53.6,283,1677807.188,1266300,220500
B1_S_5,1.795651,0.038459,2.271666667,0.5588,17.771,374.2,8.28,8.84,104.3796667,28.64806389,24.5,185.3,283,1677807.188,1266300,220500
B1_S_7,1.672631579,0.097574,4.198,2.5717,22.326,428.7,8,8.15,104.3796667,28.64806389,26.7,176.1,283,1677807.188,1266300,220500
B1_S_9,3.104081633,0.106019,2.29,0.0792,22.406,357.4,8.22,8.94,104.3796667,28.64806389,17.1,55.9,283,1677807.188,1266300,220500
B1_S_11,2.348979592,0.057038,2.325,0.482,18.743,423.9,8.17,8.92,104.3796667,28.64806389,9.2,17.3,283,1677807.188,1266300,220500
May_9,1.921991488,0.04155875,1.4775,6.7616,19.883,406.4,8.11,9.71,104.3796667,28.64806389,25.6,207.8,283,1677807.188,1290600,220500
July_9,1.855546432,0.06497165,1.1005,4.3842,23.684,481.3,9.01,8.82,104.3796667,28.64806389,30,115.1,283,1677807.188,1290600,220500
Nov_9,1.813818112,0.0365417,0.5085,1.4246,17.877,425.3,8.06,8.89,104.3796667,28.64806389,9,29.6,283,1677807.188,1290600,220500
XJB_2_z_Jan,0.406094,0.021136,2.1465,0.42,16.847,432.7,7.92,9.4,104.3541667,28.64694444,6.9,48.6,639,1680760.114,1461600,71100
XJB_2_z_Mar,0.580468667,0.01,3.3055,3.03,17.291,491,8.22,10.28,104.3541667,28.64694444,18.8,110,639,1680760.114,1461600,71100
XJB_2_z_Jul,0.795756,0.03071908,1.2585,9.81,23.119,479.9,8.21,13.83,104.3541667,28.64694444,27.5,95.9,639,1680760.114,1461600,71100
XJB_2_z_Nov,0.816677,0.018312,3.353,1.1228,22.081,406.2,8,8.55,104.3541667,28.64694444,7.5,15.3,639,1680760.114,1461600,71100
XJB_2_23_Apr,1.1634355,0.0347088,1.637,0.74,20.967,524.4,8.1,8.29,104.3541667,28.64694444,22.5,130.2,639,1680760.114,1580400,96300
XJB_2_23_Jul,0.682114,0.0060144,3.997,0.4138,24.01,517.91,8.21,9.92,104.3541667,28.64694444,27.4,276.6,639,1680760.114,1580400,96300
B2_S_1,1.80584,0.03677,4.272666667,2.0504,18.477,372.3,8.27,8.83,104.3045889,28.61616944,8.3,10.5,578,1704460.992,435600,29700
B2_S_3,0.733044,0.0523864,1.3397,11.7668,13.64,437.7,8.48,9.39,104.3045889,28.61616944,18.8,68.7,578,1704460.992,435600,29700
B2_S_5,1.989242,0.040148,2.717333333,0.6948,17.986,373.8,8.3,8.85,104.3045889,28.61616944,24.4,168.6,578,1704460.992,435600,29700
B2_S_7,2.041052632,0.109397,4.4015,0.7937,22.387,430.2,8,8.19,104.3045889,28.61616944,27,192.3,578,1704460.992,435600,29700
B2_S_9,2.920408163,0.114464,2.3875,0.2688,22.383,358.6,8.22,8.92,104.3045889,28.61616944,16,64.2,578,1704460.992,435600,29700
B2_S_11,2.481632653,0.072239,2.077,0.2688,18.722,425,8.2,8.96,104.3045889,28.61616944,7.3,20.6,578,1704460.992,435600,29700
LZ,1.361,0.181858513,5.748,0.489333333,22.8,336.5,7.2,7.755,104.8,28.81,23.3,229.3,292,1723084.346,2259000,794700
LZ_16,1.4896,0.074269797,3.911,4.76,14.1,337.8,7.36,9.81,104.8,28.81,20.3,91.5,292,1723084.346,2238300,819900
May_22,1.341027,0.043,1.481666667,3.2098,21.883,325.6,8.33,8.83,108.7277194,28.89683333,24.9,178.4,1033,1898793.399,1062000,89100
May_23,1.340516171,0.03486935,1.631,3.868,21.868,325.1,8.35,8.79,108.7270694,28.90178611,24.9,178.1,1100,1898793.399,459900,40500
July_22,1.269747118,0.04155875,0.35,2.9564,24.668,320.4,8.44,8.6,108.7277194,28.89683333,29.2,134,1033,1898793.399,1062000,89100
July_23,1.237454759,0.033197,0.337,2.84,24.762,321.2,8.45,8.46,108.7270694,28.90178611,29.2,133.5,1100,1898793.399,459900,40500
Nov_22,1.276839,0.027,0.5045,1.6018,10.438,345.6,8.14,9.47,108.7277194,28.89683333,8.5,24.9,1033,1898793.399,1062000,89100
Nov_23,1.35370725,0.0265076,0.341,1.9088,10.401,345.4,8.2,9.6,108.7270694,28.90178611,8.6,23.8,1100,1898793.399,459900,40500
ZT_22_Apr,2.466562,0.09013904,4.8295,0.8684,18.009,403.2,7.72,8.97,105.85,29.01666667,21.9,170.1,227,1957317.47,1976400,810900
ZT_22_Jul,1.292202,0.1128388,2.6895,0.72,23.29,427.8,7.84,10.17,105.85,29.01666667,28.9,95.1,227,1957317.47,1976400,810900
ZT_23_Mar,1.313525,0.0347088,29.646,0.5408,15.925,397.3,7.99,9.26,105.85,29.01666667,20.8,64.9,227,1957317.47,1992600,811800
ZT_23_Jul,2.317572,0.1945776,2.2255,0.62,24.8,408.54,7.8,8.32,105.85,29.01666667,28.9,189.7,227,1957317.47,1992600,811800
ZT_23_Nov,1.8154985,0.0654528,3.6005,0.85,18.26,449.3,7.76,9.23,105.85,29.01666667,11.1,26.4,227,1957317.47,1992600,811800
May_11,2.933265472,0.102,1.1445,1.369,19.683,376.1,7.8,8.58,105.8568556,29.01393889,24.4,179.2,187,1957619.495,2408400,400500
July_11,1.656376,0.23,2.133,1.8892,23.11,403.5,8.08,8.2,105.8568556,29.01393889,27.7,200.6,187,1957619.495,2408400,400500
Nov_11,2.006584,0.11,0.8275,0.616,16.87,383.8,7.93,9.3,105.8568556,29.01393889,8.7,14,187,1957619.495,2408400,400500
ZT,1.6005,0.111253418,3.6745,5.3544,22.8,330.6,7.51,8.12,105.85,29.01,24.2,144.1,222,1958055.565,2170800,754200
ZT_4,1.462,0.143193818,0.9602,0.616,14.5,350.9,7.02,9.45,105.85,29.01,9,21.9,222,1958055.565,2152800,823500
WDD_2_z_Jan,0.395418,0.0116616,1.882,2.5,16.323,570.3,7.97,8.77,103.6219444,26.34583333,7.2,25.3,1872,1963485.855,2184300,0
WDD_2_z_Mar,0.708580667,0.026935787,2.7,1.8,18.671,466.6,8.38,11.11,103.6219444,26.34583333,15.9,62.4,1872,1963485.855,2184300,0
WDD_2_z_Jul,0.614264,0.071667667,1.6005,1,22.376,467.7,8.06,12.03,103.6219444,26.34583333,21.2,105.1,1872,1963485.855,2184300,0
WDD_2_z_Nov,0.620008,0.2560656,3.522,7.256,19.611,563.2,8.34,9.89,103.6219444,26.34583333,7.4,8.4,1872,1963485.855,2184300,0
WDD_2_23_Apr,0.74422,0.76524,2.079,2.82,15.96,371.7,8.27,9.66,103.6219444,26.34583333,20,96.9,1872,1963485.855,2077200,0
WDD_2_23_Jul,0.816677,0.0244608,5.811,2.4326,25.26,725.68,8.26,8.67,103.6219444,26.34583333,20.6,205.9,1872,1963485.855,2077200,0
JJ_22_Oct,0.802356902,0.0359909,1.9955,0.444,19.829,338.7,7.9,8.84,106.1183333,29.06444444,16.9,27.4,213,1992892.75,1847700,998100
ZX_22_Apr,2.130268,0.07878916,3.0535,0.89,18.57,428.4,7.77,8.78,106.73,29.58396667,21.7,160.5,160,2127934.605,2304900,343800
ZX_22_Jul,1.612482,0.0560894,2.69,0.833333333,26.058,405.5,7.71,8.38,106.73,29.58396667,29,121.7,160,2127934.605,2304900,343800
ZX_22_Oct,0.933670034,0.0359909,2.114,0.445,20.373,341.3,7.86,8.38,106.73,29.58396667,16.9,41.7,160,2127934.605,2304900,343800
ZX_23_Mar,1.2979985,0.0244608,21.5355,0.9858,16.257,413.8,8.08,9.85,106.73,29.58396667,19.8,88.3,160,2127934.605,2328300,371700
ZX_23_Jul,2.2088865,0.059304,2.7385,1,26.04,375.35,7.4,6.41,106.73,29.58396667,29.1,166.3,160,2127934.605,2328300,371700
ZX_23_Nov,1.789621,0.1084944,4.1845,0.5,20.35,420.3,7.62,7.92,106.73,29.58396667,10,24,160,2127934.605,2328300,371700
MD_22_Apr,1.954114,0.0894714,2.7605,1.0054,18.757,428.3,7.69,8.67,106.8377778,29.59083333,21.5,162.4,320,2140394.969,3189600,54900
MD_22_Jul,1.516398,0.13754148,2.7535,0.77,25.696,413.1,7.82,9.3,106.8377778,29.59083333,28.8,121.5,320,2140394.969,3189600,54900
MD_22_Oct,0.958922559,0.0261752,2.6405,0.5614,20.187,373.8,7.91,8.79,106.8377778,29.59083333,16.7,43.5,320,2140394.969,3189600,54900
MD_23_Mar,1.36528,0.0367584,26.878,1.8758,16.518,413.3,8.19,9.61,106.8377778,29.59083333,19.6,91.3,320,2140394.969,3196800,54900
MD_23_Jul,3.259513,0.1248912,2.8395,1.14,26.2,404.48,7.7,7.53,106.8377778,29.59083333,28.9,163.8,320,2140394.969,3196800,54900
MD_23_Nov,1.4428625,0.0429072,3.211,0.78,19.15,446.4,7.79,8.94,106.8377778,29.59083333,9.8,24.1,320,2140394.969,3196800,54900
May_12,2.170796992,0.1235039,1.3895,1.06,20.515,393.7,7.73,8.15,106.8421694,29.57817778,24.8,178.2,203,2147253.5,1505700,533700
July_12,1.688633152,0.5148338,2.3645,5.336,23.993,343.5,7.93,8.47,106.8421694,29.57817778,28,210.8,203,2147253.5,1505700,533700
Nov_12,1.972385728,0.09507395,1.5535,0.5202,16.98,387.9,7.86,8.97,106.8421694,29.57817778,8.9,12.7,203,2147253.5,1505700,533700
MD,1.488,0.126383081,4.597,2.604,23.8,343.2,7.47,7.94,106.84,29.57,23.6,161,191,2147463.701,2748600,551700
MD_5,1.951,0.104529124,0.942,0.8508,14.4,346,8.21,9.3,106.84,29.57,9.1,18.6,191,2147463.701,2706300,556200
FL,1.6745,0.146555966,5.44,2.9852,24.2,343.4,8.1,7.98,107.46,29.79,23.4,177.3,257,2249358.196,3451500,385200
FL_3,1.744,0.161685629,1.921,0.4224,14.4,346.2,8.41,8.75,107.46,29.79,8.5,18.6,257,2249358.196,3406500,386100
May_26,2.45229958,0.07500575,4.64,60.0836,22.56,476.5,7.92,9.32,107.2839222,29.96493611,25.8,185.4,331,2254834.499,1413900,11700
July_26,1.624963064,0.100091,4.4485,59.9684,29.504,294.2,8.97,10.3,107.2839222,29.96493611,29.4,121.2,331,2254834.499,1413900,11700
Nov_26,1.534544459,0.12852095,3.8325,2.0654,13.821,394.3,7.49,6.25,107.2839222,29.96493611,8.9,23.1,331,2254834.499,1413900,11700
May_24,2.135534475,0.09841865,4.8775,48.6228,22.908,613.8,7.66,7.09,107.2575167,29.91640556,24.9,176.2,328,2255909.494,819000,2700
May_25,2.023735026,0.09841865,4.6685,69.3588,22.543,520.3,8.29,10.05,107.2909361,29.93180556,25.9,164.7,333,2255909.494,1689300,29700
July_24,1.708325,0.12,4.386,67.28,30.023,282.3,9.18,13.89,107.2575167,29.91640556,29.2,135,328,2255909.494,819000,2700
July_25,1.592670705,0.10176335,4.3785,69.0932,29.917,287.5,9.25,14.07,107.2909361,29.93180556,29.3,154.4,333,2255909.494,1689300,29700
Nov_24,1.579753762,0.10510805,3.815,3.146,13.846,390.5,7.59,6.9,107.2575167,29.91640556,8.7,23.8,328,2255909.494,819000,2700
Nov_25,1.637005,0.113,3.6485,2.7998,13.799,387.2,7.5,6.24,107.2909361,29.93180556,8.3,26.1,333,2255909.494,1689300,29700
FL_22_Apr,2.007494,0.08746848,2.3495,0.3276,17.647,425.9,7.7,8.8,107.5397222,29.865,21.7,165.8,223,2262568.095,2619900,48600
FL_22_Jul,1.505722,0.1762646,2.575,0.67,25.707,407,7.81,9,107.5397222,29.865,29.4,114.6,223,2262568.095,2619900,48600
FL_22_Oct,1.075084175,0.02421206,2.5245,0.4656,20.497,362.1,7.95,8.62,107.5397222,29.865,16.8,48.2,223,2262568.095,2619900,48600
FL_23_Mar,1.4532635,0.0367584,13.866,5.6314,16.149,400.6,7.98,9.61,107.5397222,29.865,19.8,109.5,223,2262568.095,2627100,48600
FL_23_Jul,2.835122,0.1146432,2.328,1.215384615,25.7,386.4,7.3,6.82,107.5397222,29.865,29.3,152,223,2262568.095,2627100,48600
FL_23_Nov,1.582601,0.0941472,3.172,0.88,20,430.5,7.71,8.35,107.5397222,29.865,9.7,27.6,223,2262568.095,2627100,48600
May_13,2.089528,0.108,1.0625,1.1774,19.11,385.1,7.8,8.45,107.5308111,29.86153889,22.4,165.2,164,2263369.6,1919700,174600
July_13,1.671941824,0.28572185,2.0195,2.738,24.186,402.6,8.17,8.05,107.5308111,29.86153889,26,189.1,164,2263369.6,1919700,174600
Nov_13,1.980731392,0.0800228,1.2595,0.6572,18.04,388.6,7.83,8.61,107.5308111,29.86153889,7.2,11,164,2263369.6,1919700,174600
ZX,1.99,0.141512745,5.425,1.0816,24.9,341.1,7.3,8.43,108.18,30.42,24.1,278.2,107,2374842.553,1447200,97200
ZX_1,1.962,0.188582807,3.324,0.8488,14.7,357.9,8.16,8.52,108.18,30.42,9.1,27.9,107,2374842.553,1598400,98100
May_14,1.633056064,0.0833675,1.179,1.505,20.182,393.9,7.73,8.15,108.1829306,30.41496389,23.9,168.1,112,2380040.413,1100700,169200
July_14,1.772089792,0.1703297,1.996,0.8488,23.818,402.5,7.95,7.64,108.1829306,30.41496389,27.3,177.1,112,2380040.413,1100700,169200
Nov_14,2.072533696,0.0934016,1.102,0.8498,18.4,371.4,7.81,8.39,108.1829306,30.41496389,8.5,10.9,112,2380040.413,1100700,169200
WZ,2.036,0.158323481,5.436,0.8364,25.5,349.7,8.29,8.25,108.39,30.7,24.1,270.1,107,2413079.006,1282500,180900
WZ_2,1.996,0.126383081,2.234,0.6984,15.1,359.6,8.38,7.9,108.39,30.7,9.2,27.2,107,2413079.006,1255500,182700
YY_23_Nov,1.851727,0.0470064,3.7825,0.49,20.31,395.6,7.51,7.05,108.4191944,30.71319167,8.9,25.6,229,2424032.876,2461500,19800
WZ_22_Apr,2.439872,0.07077748,3.2875,0.3688,18.388,414.5,7.72,8.82,108.4191667,30.71319167,21.8,163.4,229,2424034.607,2457000,19800
WZ_22_Jul,1.6712,0.07545096,2.598,0.54,26.329,400.1,7.8,8.7,108.4191667,30.71319167,30.2,68.6,229,2424034.607,2457000,19800
WZ_22_Oct,1.474074074,0.03010148,3.277,0.3286,20.322,347.9,7.83,8.36,108.4191667,30.71319167,16.2,32.2,229,2424034.607,2457000,19800
WZ_23_Mar,1.3290515,0.0306096,22.195,0.5408,15.719,398.7,8.07,9.97,108.4191667,30.71319167,19.7,117,229,2424034.607,2484000,19800
WZ_23_Jul,1.944936,0.0777504,2.034,0.41,25.7,391.3,7.6,7.25,108.4191667,30.71319167,29.6,132.8,229,2424034.607,2484000,19800
WZ_23_Nov,1.8776045,0.0920976,5.708,0.33,20.5,390.9,7.59,7.75,108.4191667,30.71319167,8.9,25.6,229,2424034.607,2484000,19800
May_15,1.641082048,0.09507395,1.8625,1.9304,20.322,403.3,7.75,7.99,108.5276694,30.905575,23.8,162.9,220,2454219.958,1458000,63000
July_15,1.646904832,0.11848685,1.896,0.9858,23.905,392.2,8.06,7.57,108.5276694,30.905575,26.7,170.5,220,2454219.958,1458000,63000
Nov_15,1.88908,0.09,1.0435,0.6366,18.75,369.3,7.8,8.31,108.5276694,30.905575,8.8,10.5,220,2454219.958,1458000,63000
BJX_22_Apr,0.486164,0.04540716,3.9205,21.2682,22.717,344.4,9.14,21.65,108.4558333,31.18544444,21.5,147,159,2465112.29,1827000,200700
BJX_22_Jul,0.902528,0.14488552,1.414,6.6,29.038,515.3,7.81,8.19,108.4558333,31.18544444,30.2,81.4,159,2465112.29,1827000,200700
BJX_22_Oct,0.958922559,0.0359909,3.077,2.1076,19.43,378.1,7.53,6.66,108.4558333,31.18544444,15.6,32.3,159,2465112.29,1827000,200700
BJX_23_Mar,1.8673035,0.0941472,21.7655,2.257,16.435,561.1,7.76,8.52,108.4558333,31.18544444,19.1,122.5,159,2465112.29,1853100,203400
BJX_23_Jul,1.5567735,0.1064448,3.511,33.29,30.5,325.9,8.2,9.4,108.4558333,31.18544444,29.3,138.5,159,2465112.29,1853100,203400
BJX_23_Nov,1.36523,0.0675024,3.349,6.8,18.51,359.7,7.24,4.56,108.4558333,31.18544444,8.3,23.1,159,2465112.29,1853100,203400
WQ_22_Apr,1.6712,0.13220036,1.8605,0.89,16.984,669.8,7.74,9.34,108.5133333,31.33369444,21.4,139.9,210,2471309.503,2331000,197100
WQ_22_Jul,1.793974,0.07144512,2.628,3.58,23.729,666.2,7.94,10.74,108.5133333,31.33369444,30,83.1,210,2471309.503,2331000,197100
WQ_22_Oct,1.125589226,0.02224892,2.2965,1.2176,17.544,915.1,7.66,8.98,108.5133333,31.33369444,15.5,31.1,210,2471309.503,2331000,197100
WQ_23_Mar,1.4429125,0.0511056,18.8565,0.891,15.395,699.9,7.64,9.28,108.5133333,31.33369444,18.8,120.6,210,2471309.503,2602800,198000
WQ_23_Jul,1.106505,0.0326592,1.352,8.37,25.5,578.4,8.3,11.02,108.5133333,31.33369444,29.1,140.3,210,2471309.503,2602800,198000
WQ_23_Nov,1.530846,0.0306096,2.979,1.34,15.45,700.3,7.66,9.96,108.5133333,31.33369444,8.1,20.1,210,2471309.503,2602800,198000
WS_22_Apr,2.092902,0.05675704,2.0115,0.7736,17.056,428.7,7.73,8.65,108.6858333,30.93583333,22,151.5,172,2475118.533,865800,1642500
WS_22_Jul,1.468356,0.05675704,1.933,1.42,25.907,399.2,7.84,8.94,108.6858333,30.93583333,30.8,73.4,172,2475118.533,865800,1642500
WS_22_Oct,1.332659933,0.0458066,2.821,0.5614,21.786,327.6,7.61,7.66,108.6858333,30.93583333,15.9,34.5,172,2475118.533,865800,1642500
WS_23_Mar,1.385982,0.0265104,23.466,0.3286,14.63,385.8,7.95,9.83,108.6858333,30.93583333,19.1,117.8,172,2475118.533,879300,1642500
WS_23_Jul,2.1571315,0.0613536,1.2925,0.32,26.8,380.9,7.5,6.73,108.6858333,30.93583333,29.8,136.3,172,2475118.533,879300,1642500
WS_23_Nov,1.944886,0.0982464,3.859,0.31,20.18,417.1,7.62,7.93,108.6858333,30.93583333,8.2,26,172,2475118.533,879300,1642500
May_20,1.45231562,0.1101251,2.9145,14.576,24.757,466.7,7.3,3.69,108.6743306,31.09474444,25.3,182.8,171,2476374.757,1958400,268200
May_21,1.377782654,0.1268486,2.9015,23.2132,25.558,499.3,7.41,4.93,108.6789444,31.10251667,26.1,145.4,197,2476374.757,2269800,299700
July_20,1.308497948,0.1101251,3.724,75.0208,28.143,299.8,9.05,17.28,108.6743306,31.09474444,29.7,127.7,171,2476374.757,1958400,268200
July_21,1.31495642,0.1235039,3.665,78.2208,28.149,292.3,9.11,18.23,108.6789444,31.10251667,29.2,53.5,197,2476374.757,2269800,299700
Nov_20,1.676630838,0.08838455,1.8215,3.9844,19.58,325.7,7.55,6.31,108.6743306,31.09474444,8.8,22.8,171,2476374.757,1958400,268200
Nov_21,1.68308931,0.08838455,1.797,3.7516,19.52,325.8,7.52,6.05,108.6789444,31.10251667,8,25.7,197,2476374.757,2269800,299700
GY_22_Apr,2.103578,0.25170792,6.025,105.284,20.759,402.2,8.55,13.14,108.6722222,31.09666667,21.9,145.6,135,2476374.757,1950300,227700
GY_22_Jul,1.318892,0.1228534,0.9045,11.5,30.067,318.1,7.57,6.99,108.6722222,31.09666667,30.7,79,135,2476374.757,1950300,227700
GY_22_Oct,2.054882155,0.0556223,3.8025,2.4352,21.403,327.5,7.61,6.89,108.6722222,31.09666667,15.7,32.7,135,2476374.757,1950300,227700
GY_23_Mar,1.313525,0.0224112,17.5165,0.2874,15.88,397.7,8.31,10.8,108.6722222,31.09666667,19,119.1,135,2476374.757,1987200,228600
GY_23_Jul,1.437737,0.049056,3.2295,30.31428571,32.7,237.3,9.3,19.57,108.6722222,31.09666667,29.7,140.1,135,2476374.757,1987200,228600
GY_23_Nov,1.5567235,0.059304,4.212,1.25,20.23,337,7.35,5.66,108.6722222,31.09666667,8,23.6,135,2476374.757,1987200,228600
May_16,1.649108032,0.09172925,2.0025,1.6976,20.424,404.1,7.7,7.8,108.9122333,30.95054444,25.6,186.2,88,2499592.896,1008900,53100
July_16,1.563448192,0.12183155,1.872,0.8488,23.895,397.3,7.85,7.68,108.9122333,30.95054444,29.9,123.5,88,2499592.896,1008900,53100
Nov_16,2.10174352,0.09172925,1.2035,0.8282,19.07,367.2,7.75,8.23,108.9122333,30.95054444,8.9,25,88,2499592.896,1008900,53100
XJ_22_Apr,2.44521,0.04006604,4.731,1.2186,18.49,425.9,7.95,9.51,108.9561111,30.92066389,21.7,145.1,338,2505207.244,1694700,28800
XJ_22_Jul,0.891852,0.12085048,1.9545,6.2125,28.49,232.2,7.91,8.68,108.9561111,30.92066389,30.5,64.7,338,2505207.244,1694700,28800
XJ_22_Oct,2.135690236,0.04776974,3.7785,1.0054,21.117,326.2,7.6,7.39,108.9561111,30.92066389,15.6,31.5,338,2505207.244,1694700,28800
XJ_23_Mar,1.2669455,0.0244608,18.05,0.7324,15.126,395.3,8.05,9.94,108.9561111,30.92066389,18.6,117.8,338,2505207.244,1683000,27900
XJ_23_Jul,1.944936,0.0531552,2.2625,17.93,29.1,324.03,8.6,11.34,108.9561111,30.92066389,29.4,138.2,338,2505207.244,1683000,27900
XJ_23_Nov,1.717164,0.0470064,2.441,0.45,20.3,397.4,7.6,7.78,108.9561111,30.92066389,7.7,24.2,338,2505207.244,1683000,27900
PA_22_Apr,1.77796,0.0360602,3.3675,0.5614,18.797,413.1,7.88,9.35,108.9116667,30.86622222,21.9,148.6,132,2510568.498,1270800,27000
PA_22_Jul,0.913204,0.11083588,1.2505,25.475,29.287,228.9,8.44,10.37,108.9116667,30.86622222,30.7,65.6,132,2510568.498,1270800,27000
PA_22_Oct,1.994276094,0.04776974,3.7135,1.5462,21.296,325.3,7.57,7.25,108.9116667,30.86622222,15.7,31.6,132,2510568.498,1270800,27000
PA_23_Mar,1.354929,0.02856,15.4355,1.0826,14.918,392.4,8.07,10.1,108.9116667,30.86622222,18.8,116.6,132,2510568.498,1276200,67500
PA_23_Jul,1.582651,0.0429072,2.2545,12.11,30.7,305.6,9,13.95,108.9116667,30.86622222,29.6,139.4,132,2510568.498,1276200,67500
PA_23_Nov,1.6912865,0.0511056,3.174,0.63,20.36,363.8,7.54,7.54,108.9116667,30.86622222,7.7,25.3,132,2510568.498,1276200,67500
FJ_22_Apr,2.557308,0.08212736,4.4085,0.582,17.042,430.3,7.67,8.52,109.4291667,30.99128889,21.2,140.2,232,2553104.537,2011500,0
FJ_22_Jul,1.414976,0.04807772,2.229,0.92,26.322,400.1,7.91,9.1,109.4291667,30.99128889,30.3,85.4,232,2553104.537,2011500,0
FJ_22_Oct,1.453872054,0.05365916,3.0975,0.2328,20.924,322.4,7.66,7.91,109.4291667,30.99128889,15.4,36,232,2553104.537,2011500,0
FJ_23_Mar,1.334227,0.0265104,19.048,0.7314,14.943,391.9,7.97,9.94,109.4291667,30.99128889,18.5,114.8,232,2553104.537,1955700,0
FJ_23_Jul,2.783367,0.0675024,2.0935,0.53,26.5,390.6,7.8,7.01,109.4291667,30.99128889,29.1,148,232,2553104.537,1955700,0
FJ_23_Nov,1.758568,0.0879984,3.608,0.35,20.4,401.1,7.6,7.81,109.4291667,30.99128889,7.4,22.3,232,2553104.537,1955700,0
FJ,1.585,0.154961334,5.923,0.5068,26.2,369.6,7.05,7.51,109.53,31.04,24.2,201.2,77,2558242.079,85500,238500
FJ_6,1.178,0.133107376,2.113,1.3164,15.6,342,8.14,8.52,109.53,31.04,9.3,28,77,2558242.079,83700,244800
May_17,1.737393856,0.0900569,1.583,1.2526,19.729,405.4,7.81,7.65,109.8574444,31.05539722,26.3,173.2,156,2604280.868,279000,200700
July_17,1.605176512,0.1435721,1.795,1.1362,23.63,376.6,7.8,7.5,109.8574444,31.05539722,29.6,124.9,156,2604280.868,279000,200700
Nov_17,2.001595552,0.0766781,1.2485,0.6376,19.16,364.4,7.75,8.27,109.8574444,31.05539722,9.1,20.5,156,2604280.868,279000,200700
DC_22_Apr,1.53775,0.05809232,2.537,48.0908,18.842,330.5,8.66,16.04,109.8436111,31.22397222,19.9,150.9,469,2618799.319,773100,0
SL_22_Apr,1.580454,0.13687384,3.3065,125.988,17.898,358.6,8.6,15.06,109.8752778,31.189765,21,145.8,182,2618799.319,1123200,49500
DC_22_Jul,1.009288,0.0293838,1.9975,5.91,31.838,402.4,8.21,11.2,109.8436111,31.22397222,29.2,146.5,469,2618799.319,773100,0
SL_22_Jul,0.865162,0.02137212,1.357,7.63,31.911,363.8,8.32,12.52,109.8752778,31.189765,30.5,142.8,182,2618799.319,1123200,49500
DC_22_Oct,1.6003367,0.02813834,2.8125,1.335,22.099,366.7,7.81,7.31,109.8436111,31.22397222,14.3,47.1,469,2618799.319,773100,0
SL_22_Oct,1.777104377,0.0261752,3.123,1.4514,22.366,364.3,7.81,7.49,109.8752778,31.189765,15.2,46.7,182,2618799.319,1123200,49500
DC_23_Mar,1.3083495,0.0121632,15.57,1.2928,15.032,361.7,8.21,10.77,109.8436111,31.22397222,17.4,119.5,469,2618799.319,811800,0
SL_23_Mar,1.477670181,0.037486147,17.93515,0.2122,14.615,382.2,8.14,10.05,109.8752778,31.189765,18.5,112.2,182,2618799.319,1076400,60300
DC_23_Jul,1.013346,0.018312,1.6785,13.15,30.85,322.61,8.8,13.59,109.8436111,31.22397222,27.8,166.2,469,2618799.319,811800,0
SL_23_Jul,1.944936,0.0244608,2.211,6.89,28.8,328.4,8.4,10.2,109.8752778,31.189765,29.1,161.5,182,2618799.319,1076400,60300
DC_23_Nov,1.7637435,0.0429072,3.7085,0.76,20.2,370.4,7.59,7.79,109.8436111,31.22397222,6.5,23.4,469,2618799.319,811800,0
SL_23_Nov,1.789621,0.0367584,4.0505,0.31,20.5,369.1,7.6,7.89,109.8752778,31.189765,7.3,21.4,182,2618799.319,1076400,60300
BD_22_Apr,1.77796,0.05074828,1.7455,0.6376,16.907,427.7,7.79,9.01,110.3238889,31.04121167,20.6,128.8,212,2651075.413,1296000,775800
BD_22_Jul,1.585792,0.06677164,2.2415,0.59,25.721,384.3,7.73,8.66,110.3238889,31.04121167,30.2,130.5,212,2651075.413,1296000,775800
BD_22_Oct,1.58013468,0.0458066,2.7205,0.2122,22.787,348,7.65,7.56,110.3238889,31.04121167,15,47.7,212,2651075.413,1296000,775800
BD_23_Mar,1.334227,0.0203616,21.7605,0.445,14.515,387.9,7.93,9.81,110.3238889,31.04121167,18.2,109.7,212,2651075.413,1285200,775800
BD_23_Jul,1.800022,0.0675024,1.3795,0.41,26.3,375.69,7.6,6.88,110.3238889,31.04121167,28.6,159.1,212,2651075.413,1285200,775800
BD_23_Nov,1.8258495,0.1043952,3.915,0.21,20.59,381.3,7.57,7.74,110.3238889,31.04121167,7,21.7,212,2651075.413,1285200,775800
YDH_22_Apr,1.447004,0.04674244,1.663,1.6842,16.202,278.2,8.15,11.06,110.3255556,31.15781667,20.5,127.4,269,2657935.271,1163700,27000
YDH_22_Jul,1.43099,0.0360602,0.7495,1.02,24.807,512,8.1,10.64,110.3255556,31.15781667,29.8,131.7,269,2657935.271,1163700,27000
YDH_22_Oct,1.731649832,0.00850694,2.4,0.889,18.505,589.7,8.06,10.39,110.3255556,31.15781667,14.5,46.7,269,2657935.271,1163700,27000
YDH_23_Mar,1.686161,0.02856,13.3225,1.4092,14.725,319.9,8.44,10.9,110.3255556,31.15781667,17.9,110,269,2657935.271,1236600,25200
YDH_23_Jul,1.3704555,0.0060144,1.41,0.88,24,389.19,8.8,13.94,110.3255556,31.15781667,28.3,157.6,269,2657935.271,1236600,25200
YDH_23_Nov,1.810323,0.0961968,2.212,1.73,20.2,377,7.57,7.75,110.3255556,31.15781667,6.5,20.6,269,2657935.271,1236600,25200
SNX_22_Apr,1.687214,0.0460748,2.059,0.445,16.89,427.6,7.8,9.05,110.3230556,31.06172778,20.6,130.3,75,2661564.201,2281500,567000
SNX_22_Jul,1.559102,0.05141592,0.432,1.76,26.856,393.4,7.77,8.75,110.3230556,31.06172778,30.1,133.4,75,2661564.201,2281500,567000
SNX_22_Oct,2.085185185,0.04188032,3.147,0.2122,22.776,352,7.67,7.53,110.3230556,31.06172778,15.1,48.6,75,2661564.201,2281500,567000
SNX_23_Mar,1.354929,0.02856,7,0.5408,14.456,388.6,7.95,9.78,110.3230556,31.06172778,18,111.2,75,2661564.201,2338200,570600
SNX_23_Jul,2.110552,0.0552048,1.652,1.02,26.64,370.6,7.59,7.05,110.3230556,31.06172778,28.6,162,75,2661564.201,2338200,570600
SNX_23_Nov,1.8051475,0.0408576,2.241,0.29,20.54,378.2,7.56,7.71,110.3230556,31.06172778,7.1,21.7,75,2661564.201,2338200,570600
GZP_22_Apr,5.872206,0.09347724,2.3575,0.4656,16.506,399.6,8.02,9.84,110.7583333,31.00818167,20.3,71.3,87,2699849.405,1229400,0
GZP_22_Jul,1.43099,0.05141592,1.0075,13.76,29.913,312.1,8.64,13.62,110.7583333,31.00818167,29.9,22.8,87,2699849.405,1229400,0
GZP_22_Oct,1.650841751,0.05365916,2.96,6.708,23.928,359.3,7.86,7.97,110.7583333,31.00818167,14.8,31.4,87,2699849.405,1229400,0
GZP_23_Mar,1.4222105,0.018312,13.424,0.3286,14.469,388.7,8.01,10.18,110.7583333,31.00818167,17.9,111.8,87,2699849.405,1306800,0
GZP_23_Jul,2.3020455,0.0367584,2.683,11.24,28.33,341.73,8.37,10.45,110.7583333,31.00818167,28.3,140.2,87,2699849.405,1306800,0
GZP_23_Nov,1.810323,0.0511056,3.7765,0.42,20.86,370.2,7.52,7.57,110.7583333,31.00818167,6.9,18.8,87,2699849.405,1306800,0
XXHK_22_Apr,2.01817,0.0594276,2.2275,0.753,15.821,425.2,7.74,9.27,110.75,30.9595,20.4,73.8,153,2700444.738,939600,393300
XXHK_22_Jul,1.692552,0.06209816,2.722,1.26,25.421,379.9,7.81,8.88,110.75,30.9595,29.9,22.2,153,2700444.738,939600,393300
XXHK_22_Oct,1.302356902,0.04384346,2.4095,2.4362,23.384,358.6,7.77,7.51,110.75,30.9595,15.1,32.9,153,2700444.738,939600,393300
XXHK_23_Mar,2.0018665,0.0265104,7.0015,0.307,14.778,395.9,7.91,9.81,110.75,30.9595,18,111.9,153,2700444.738,1038600,405000
XXHK_23_Jul,2.172658,0.0634032,2.287,0.51,26.55,357.75,7.57,7.11,110.75,30.9595,28.3,141.2,153,2700444.738,1038600,405000
XXHK_23_Nov,1.8879555,0.0961968,3.1545,0.27,20.7,376.2,7.55,7.73,110.75,30.9595,7.2,24.1,153,2700444.738,1038600,405000
XK_22_Apr,2.060874,0.082795,2.866,0.5192,16.98,353.2,8.26,10.49,110.7783333,31.13337,20.5,66,339,2701436.992,2140200,109800
XK_22_Jul,1.505722,0.0928096,0.851,12.04,29.245,316.7,8.68,12.96,110.7783333,31.13337,30,24.6,339,2701436.992,2140200,109800
XK_22_Oct,2.57003367,0.04973288,2.786,3.0934,23.788,362.7,7.86,7.77,110.7783333,31.13337,14.7,30.7,339,2701436.992,2140200,109800
XK_23_Mar,1.3394025,0.0859488,15.34,0.2864,14.157,320.5,8.36,10.54,110.7783333,31.13337,18,111.9,339,2701436.992,2221200,112500
XK_23_Jul,1.9397605,0.038808,2.386,8.44,27.8,340.74,8.36,11.93,110.7783333,31.13337,28.4,133.6,339,2701436.992,2221200,112500
XK_23_Nov,1.913833,0.0552048,3.5865,0.38,20.72,369.1,7.57,7.73,110.7783333,31.13337,6.6,17.7,339,2701436.992,2221200,112500
ZG,1.515,0.092761608,3.662,0.612,26.8,400.9,10.41,7.91,110.98,30.85,23.7,152.5,113,2727377.06,476100,351900
ZG_7,1.622,0.107891271,1.176,0.8488,16.2,312.8,8.12,8.19,110.98,30.85,8.7,11.5,113,2727377.06,452700,359100
May_18,1.62503008,0.0900569,1.4975,1.0816,18.965,407.2,7.74,8.2,110.98,30.85,26.1,172.9,113,2727377.06,402300,389700
July_18,1.613522176,0.1034357,1.6055,1.2722,24.093,366.5,7.76,7.36,110.98,30.85,29.3,125.8,113,2727377.06,402300,389700
Nov_18,1.760056,0.07,1.179,0.6366,19.96,361.4,7.73,8.1,110.98,30.85,9.1,20.4,113,2727377.06,402300,389700
MP_22_Apr,1.735256,0.049413,2.134,0.7726,15.315,423.1,7.86,9.43,110.9805556,30.85475833,21,68.9,63,2728031.403,191700,183600
MP_22_Jul,1.729918,0.01336044,1.886,2.95,25.172,381.5,7.79,8.67,110.9805556,30.85475833,30.5,20.8,63,2728031.403,191700,183600
MP_22_Oct,1.241750842,0.03795404,2.494,3.7712,24.243,358.7,7.81,7.87,110.9805556,30.85475833,15.6,34.4,63,2728031.403,191700,183600
MP_23_Mar,1.489492,0.0244608,16.312,0.4244,14.143,389.5,7.85,9.72,110.9805556,30.85475833,18.5,111.7,63,2728031.403,235800,187200
MP_23_Jul,2.1157275,0.0654528,2.61,1.21,26.33,338.68,7.54,7.21,110.9805556,30.85475833,28.9,136.7,63,2728031.403,235800,187200
MP_23_Nov,1.9086575,0.0961968,3.145,0.46,21,365.4,7.51,7.64,110.9805556,30.85475833,7.7,22.1,63,2728031.403,235800,187200
SDP_22_Apr,1.836678,0.05141592,2.518,0.8694,15.162,422.4,7.81,9.53,111.0497222,30.83132778,21.3,67,56,2736354.801,315900,1675800
SDP_22_Jul,1.772622,0.0093546,2.131,0.63,24.952,382.6,7.67,8.41,111.0497222,30.83132778,30.6,21.4,56,2736354.801,315900,1675800
SDP_22_Oct,1.140740741,0.03795404,2.366,0.445,23.029,360.3,7.71,7.36,111.0497222,30.83132778,15.6,34.4,56,2736354.801,315900,1675800
SDP_23_Mar,1.5257205,0.0244608,17.4905,0.5192,14.126,389.1,7.87,9.72,111.0497222,30.83132778,18.6,111.9,56,2736354.801,324000,1673100
SDP_23_Jul,2.6022245,0.0818496,2.5825,0.53,25.66,342.56,7.49,6.98,111.0497222,30.83132778,29,138.5,56,2736354.801,324000,1673100
SDP_23_Nov,1.924184,0.049056,3.9595,0.22,20.8,371.7,7.55,7.72,111.0497222,30.83132778,7.6,20,56,2736354.801,324000,1673100
May_19,1.809627712,0.05159285,1.6395,0.616,18.553,406.8,7.69,8.24,111.0674417,30.834925,24.6,171.2,77,2743671.995,580500,638100
July_19,1.713670144,0.10845275,1.747,0.6366,23.991,366.1,8.06,7.41,111.0674417,30.834925,27.3,186.3,77,2743671.995,580500,638100
Nov_19,1.838855104,0.08169515,0.9395,0.8096,19.99,361.8,7.75,8.26,111.0674417,30.834925,9,12.4,77,2743671.995,580500,638100
YC,1.331,0.07090765,3.52,0.4224,26.7,398.3,9.56,9.48,111.31,30.68,24,141.1,55,2753084.806,569700,2578500
YC_8,2.121,0.193626028,0.7124,0.6592,16,344.9,8.48,8.48,111.31,30.68,8.6,11.4,55,2753084.806,553500,2584800
